{"pdf": [[0.6504367348738146, 0.762975301902709, 0.8880520150563361, 1.0259500434015698, 1.1767450987900372, 1.3402612051496174, 1.516024488350973, 1.7032165264129924, 1.9006293173919526, 2.1066244766121818, 2.319099833518538, 2.5354671149367363, 2.752644814480382, 2.9670705812945752, 3.1747374275198434, 3.3712576588790255, 3.5519575857438888, 3.7120046981138306, 3.8465670450760525, 3.951002057485852, 4.021069073624503, 4.053156542237751, 4.04451155543338, 3.9934563721817695, 3.8995743760645714, 3.763846950255246, 3.5887235051310515, 3.3781097094096575, 3.1372640060869963, 2.8725996067263604, 2.5913978723549524, 2.301448465954795, 2.010640750925946, 1.726538282311594, 1.455972583195557, 1.2046926740238981, 0.9771024987024417]], "bin": [0.0, 0.1, 0.2, 0.30000000000000004, 0.4, 0.5, 0.6000000000000001, 0.7000000000000001, 0.8, 0.9, 1.0, 1.1, 1.2000000000000002, 1.3, 1.4000000000000001, 1.5, 1.6, 1.7000000000000002, 1.8, 1.9000000000000001, 2.0, 2.1, 2.2, 2.3000000000000003, 2.4000000000000004, 2.5, 2.6, 2.7, 2.8000000000000003, 2.9000000000000004, 3.0, 3.1, 3.2, 3.3000000000000003, 3.4000000000000004, 3.5, 3.6]}